# name	bbox	species	layers	lat	lon	weight	of_signature
fin-carriageway-1	6.913020,46.437328,6.916931,46.440023	fin	carriageway	46.4386754	6.9149758	12.962	2606
fin-pavement-1	6.933703,46.430749,6.937614,46.433444	fin	pavement	46.4320963	6.9356584	25.143	1432
fin-ballast-1	6.923104,46.431709,6.927014,46.434404	fin	ballast	46.4330565	6.9250586	6.823	362
fight-carriageway-ground-1	6.913345,46.438365,6.917256,46.441060	fight	carriageway+ground	46.4397123	6.9153003	46.227	238
gap-roadway-1	6.930798,46.409270,6.934707,46.411965	gap	roadway	46.4106173	6.9327522	207.160	204
gap-kerb-1	6.925166,46.422014,6.929076,46.424709	gap	kerb	46.4233611	6.9271212	38.596	145
gap-ballast-1	6.932749,46.436160,6.936659,46.438855	gap	ballast	46.4375073	6.9347039	130.878	129
gap-deck-1	6.927858,46.417875,6.931768,46.420570	gap	deck	46.4192225	6.9298129	1008.311	116
gap-carriageway-1	6.913461,46.438440,6.917372,46.441135	gap	carriageway	46.4397879	6.9154165	14.320	73
fight-ballast-ground-1	6.922789,46.431771,6.926700,46.434466	fight	ballast+ground	46.4331182	6.9247444	6.758	72
gap-building-1	6.928115,46.420167,6.932024,46.422862	gap	building	46.4215146	6.9300693	23.862	62
gap-kerb-pavement-1	6.927261,46.415510,6.931170,46.418205	gap	kerb+pavement	46.4168574	6.9292158	38.347	60
fight-ground-roadway-1	6.909337,46.433922,6.913248,46.436617	fight	ground+roadway	46.4352697	6.9112927	74.694	57
gap-pavement-1	6.912901,46.429595,6.916811,46.432290	gap	pavement	46.4309429	6.9148561	14.217	53
flip-ground-1	6.921491,46.425371,6.925401,46.428065	flip	ground	46.4267180	6.9234463	0.938	53
buried-carriageway-ground-1	6.913393,46.438274,6.917303,46.440969	buried	carriageway+ground	46.4396216	6.9153479	28.301	52
flip-roadway-1	6.929437,46.408787,6.933346,46.411482	flip	roadway	46.4101349	6.9313914	1.079	42
fin-track-1	6.909407,46.434617,6.913318,46.437312	fin	track	46.4359643	6.9113626	137.863	40
gap-track-1	6.909585,46.434492,6.913496,46.437187	gap	track	46.4358394	6.9115406	5.733	37
gap-ground-1	6.928326,46.422589,6.932235,46.425284	gap	ground	46.4239365	6.9302806	9.759	34
fight-carriageway-ground-pavement-1	6.888792,46.441850,6.892703,46.444545	fight	carriageway+ground+pavement	46.4431970	6.8907471	11.143	34
fight-ground-pavement-roadway-1	6.907522,46.434669,6.911432,46.437364	fight	ground+pavement+roadway	46.4360164	6.9094772	22.453	30
fight-ballast-track-1	6.934560,46.430219,6.938470,46.432914	fight	ballast+track	46.4315664	6.9365153	8.760	23
fin-roadway-1	6.926976,46.426208,6.930886,46.428903	fin	roadway	46.4275552	6.9289312	3311.232	21
gap-carriageway-kerb-pavement-1	6.912878,46.437256,6.916789,46.439951	gap	carriageway+kerb+pavement	46.4386038	6.9148336	20.503	20
flip-ground-pavement-1	6.907696,46.434774,6.911607,46.437469	flip	ground+pavement	46.4361219	6.9096516	1.193	19
fight-carriageway-roadway-1	6.891095,46.442096,6.895005,46.444791	fight	carriageway+roadway	46.4434437	6.8930500	14.234	17
gap-carriageway-deck-1	6.922106,46.430808,6.926016,46.433503	gap	carriageway+deck	46.4321556	6.9240606	18.395	16
fight-roadway-1	6.929437,46.408787,6.933346,46.411482	fight	roadway	46.4101349	6.9313914	2.849	15
gap-carriageway-kerb-1	6.929819,46.435786,6.933730,46.438481	gap	carriageway+kerb	46.4371332	6.9317743	6.023	12
gap-wall-1	6.897668,46.440808,6.901579,46.443503	gap	wall	46.4421558	6.8996237	4.414	12
buried-ballast-ground-1	6.915561,46.428938,6.919471,46.431633	buried	ballast+ground	46.4302853	6.9175156	14.605	12
fight-pavement-roadway-1	6.893034,46.444644,6.896945,46.447339	fight	pavement+roadway	46.4459914	6.8949894	5.043	12
buried-carriageway-ground-pavement-1	6.914594,46.432497,6.918505,46.435192	buried	carriageway+ground+pavement	46.4338443	6.9165494	77.390	9
gap-carriageway-deck-kerb-1	6.938364,46.430350,6.942274,46.433045	gap	carriageway+deck+kerb	46.4316973	6.9403188	5.387	8
flip-carriageway-ground-1	6.946619,46.414262,6.950528,46.416956	flip	carriageway+ground	46.4156090	6.9485732	0.061	7
gap-carriageway-deck-kerb-pavement-1	6.914611,46.432460,6.918521,46.435155	gap	carriageway+deck+kerb+pavement	46.4338070	6.9165657	19.152	5
fight-ballast-ground-track-1	6.921860,46.423290,6.925770,46.425985	fight	ballast+ground+track	46.4246375	6.9238152	104.751	5
fight-roadway-track-1	6.927712,46.425747,6.931622,46.428442	fight	roadway+track	46.4270941	6.9296667	6.918	5
fight-ballast-ground-roadway-1	6.897653,46.440826,6.901564,46.443521	fight	ballast+ground+roadway	46.4421738	6.8996081	12.466	4
gap-pavement-roadway-1	6.892806,46.444618,6.896717,46.447313	gap	pavement+roadway	46.4459658	6.8947616	73.729	3
fight-ballast-ground-pavement-1	6.911615,46.430553,6.915525,46.433247	fight	ballast+ground+pavement	46.4319000	6.9135701	5.618	3
fight-carriageway-pavement-roadway-1	6.907467,46.436196,6.911377,46.438891	fight	carriageway+pavement+roadway	46.4375431	6.9094221	7.109	3
fight-carriageway-ground-pavement-roadway-1	6.914165,46.432055,6.918075,46.434750	fight	carriageway+ground+pavement+roadway	46.4334021	6.9161202	18.103	3
gap-ballast-kerb-1	6.889203,46.442254,6.893114,46.444949	gap	ballast+kerb	46.4436011	6.8911584	2.070	2
gap-ground-pavement-1	6.896091,46.439546,6.900002,46.442241	gap	ground+pavement	46.4408934	6.8980469	0.099	1
gap-carriageway-ground-wall-1	6.934697,46.430147,6.938608,46.432842	gap	carriageway+ground+wall	46.4314941	6.9366525	0.034	1
fight-ballast-ground-pavement-roadway-1	6.904727,46.438213,6.908637,46.440908	fight	ballast+ground+pavement+roadway	46.4395604	6.9066821	7.637	1
